02/24/2020,132.16,13618430,131.44,133.20,130.80,Day
02/25/2020,126.26,20797190,131.00,132.23,125.59,0
02/26/2020,126.64,24836160,126.93,128.95,126.34,1
02/27/2020,121.37,23005470,122.91,125.62,121.30,2
02/28/2020,116.11,45942580,117.52,118.49,112.66,3
02/29/2020,121.52,27355450,116.63,121.58,114.46,4
03/01/2020,116.96,32547740,120.97,122.95,116.24,5
03/02/2020,119.85,25795870,118.33,120.19,114.70,6
03/03/2020,113.97,25025630,115.67,116.43,112.58,7
03/04/2020,108.08,38159410,106.26,110.32,105.02,8
03/05/2020,93.44,40352030,96.57,99.23,93.00,9
03/06/2020,100.70,31102650,99.00,101.28,94.58,10
03/07/2020,95.96,38157810,97.70,100.05,94.55,11
03/08/2020,88.05,49725230,89.59,96.96,86.32,12
03/09/2020,103.91,38543330,95.99,103.99,92.00,13
03/10/2020,88.36,38589650,85.20,93.98,84.55,14
03/11/2020,93.76,35239840,90.89,97.44,87.50,15
03/12/2020,83.89,41525570,87.67,90.79,80.36,16
03/13/2020,85.30,32175060,81.56,88.11,76.91,17
03/14/2020,83.50,30150820,86.30,89.46,82.48,18
03/15/2020,79.03,32536580,82.68,83.75,78.09,19
03/16/2020,88.43,34363160,84.90,90.10,82.90,20
03/17/2020,91.73,38111700,89.24,95.15,84.54,21
03/18/2020,98.12,29840430,94.08,98.57,93.54,22
03/27/2020,91.13,30041460,93.19,94.84,90.55,23
03/30/2020,93.50,21656930,90.65,94.09,89.30,24
03/31/2020,90.03,23379300,92.05,94.17,89.34,25
04/01/2020,84.36,28029570,85.10,86.56,83.25,26
04/02/2020,87.51,24017960,83.51,87.91,82.96,27
04/03/2020,84.05,21199450,86.00,87.48,82.77,28
04/06/2020,89.46,26820850,88.99,90.99,87.70,29
04/07/2020,90.64,22563810,94.45,94.50,90.38,30
04/08/2020,94.30,22903260,92.10,94.86,90.55,31
04/09/2020,102.76,42084670,96.92,104.39,96.89,32
04/13/2020,98.19,26911950,103.11,103.11,97.30,33
04/14/2020,95.50,46151260,101.02,102.00,93.64,34
04/15/2020,90.79,30118620,91.15,92.03,90.13,35
04/16/2020,87.33,32449620,90.23,90.57,87.05,36
04/17/2020,95.18,30191900,92.00,95.70,90.96,37
04/20/2020,91.71,23679430,92.47,94.71,90.46,38
04/21/2020,89.05,23035020,88.62,91.38,88.33,39
04/22/2020,89.34,16706030,90.69,91.87,89.18,40
04/23/2020,89.39,16638770,89.74,91.28,89.26,41
04/24/2020,90.71,15815290,90.64,91.10,88.49,42
04/27/2020,94.62,22870210,91.94,95.63,91.54,43
04/28/2020,95.29,20238900,97.81,98.36,95.03,44
04/29/2020,97.86,20462560,99.08,99.45,97.27,45
04/30/2020,95.76,19127630,95.60,96.84,94.55,46
05/01/2020,93.25,18547740,93.50,93.74,91.84,47
05/04/2020,92.14,15725880,92.02,92.67,90.80,48
05/05/2020,92.00,18064120,93.65,94.21,91.90,49
05/06/2020,90.27,20978040,92.16,92.76,89.93,50
05/07/2020,91.21,16771940,91.34,92.91,90.58,51
05/08/2020,92.70,20494920,92.80,94.08,92.11,52
05/11/2020,89.97,31907590,91.11,91.11,89.33,53
05/12/2020,87.03,27962920,90.15,90.79,86.90,54
05/13/2020,84.03,35451600,86.38,86.86,83.40,55
05/14/2020,87.52,35152450,82.72,88.11,82.40,56
05/15/2020,85.90,26099040,86.85,87.28,85.30,57
05/18/2020,90.45,30528730,88.69,91.15,87.88,58
05/19/2020,88.67,19597290,90.05,91.20,88.59,59
05/20/2020,91.33,20552360,90.71,92.39,90.37,60
05/21/2020,90.17,14621410,90.27,91.76,89.67,61
05/22/2020,89.47,13557920,90.01,90.36,88.72,62
05/26/2020,95.82,41233950,92.89,97.50,92.61,63
05/27/2020,101.37,39402040,102.07,102.58,98.80,64
05/28/2020,99.86,24738540,102.94,102.95,99.40,65
05/29/2020,97.31,26538150,98.66,99.18,96.78,66
06/01/2020,98.60,15207500,97.75,99.51,97.38,67
06/02/2020,98.93,21194960,100.28,100.42,97.93,68
06/03/2020,104.27,25941090,101.58,104.92,101.06,69
06/04/2020,106.44,26784720,103.82,106.61,102.79,70
06/05/2020,111.23,42230990,114.93,115.77,109.53,71
06/08/2020,113.45,24881790,113.41,114.19,111.94,72
06/09/2020,110.54,17031140,110.65,111.63,109.01,73
06/10/2020,106.06,24913330,110.46,110.51,105.85,74
06/11/2020,97.21,36259220,100.03,101.58,96.54,75
06/12/2020,99.87,24856760,100.71,101.13,97.33,76
06/15/2020,101.25,22153640,96.42,101.43,95.87,77
06/16/2020,102.06,22193580,105.37,105.68,99.31,78
06/17/2020,99.48,15639830,102.53,102.54,99.21,79
06/18/2020,98.94,16591910,98.67,100.52,98.13,80
06/19/2020,97.81,40371170,100.53,100.60,96.73,81
06/22/2020,96.75,16216900,97.25,97.95,96.54,82
06/23/2020,97.93,15381380,98.97,99.97,97.85,83
06/24/2020,94.66,22919780,96.75,96.84,94.31,84
06/25/2020,97.96,25743640,94.35,98.21,94.26,85
06/26/2020,92.59,41896320,95.11,95.37,92.00,86
06/29/2020,93.00,18499740,93.40,94.49,92.18,87
06/30/2020,94.06,19137010,92.83,94.66,92.57,88
07/01/2020,93.26,18755730,94.89,95.71,93.03,89
07/02/2020,92.66,27845620,94.74,94.96,91.93,90
07/06/2020,95.00,18625270,94.43,95.20,93.48,91
07/07/2020,92.32,25757200,93.82,94.10,92.00,92
07/08/2020,93.30,18762210,92.29,93.34,91.80,93
07/09/2020,91.28,25600760,93.52,94.12,90.78,94
07/10/2020,96.27,28954230,92.00,96.84,91.87,95
07/13/2020,97.65,32079210,98.73,99.27,96.23,96
07/14/2020,98.21,42731670,98.37,99.95,96.64,97
07/15/2020,99.73,22508410,100.89,101.29,98.65,98
07/16/2020,100.01,16886890,98.78,101.22,98.55,99
07/17/2020,98.16,16161550,100.00,100.08,98.14,100
07/20/2020,97.30,14458140,97.43,98.39,97.26,101
07/21/2020,99.41,17812300,97.71,100.05,97.64,102
07/22/2020,98.69,14271150,99.65,100.13,97.53,103
07/23/2020,98.98,12870180,98.50,99.35,97.97,104
07/24/2020,98.28,12744150,99.60,99.80,97.94,105
07/27/2020,96.90,11959060,97.51,97.63,96.17,106
07/28/2020,97.32,11754270,96.50,97.89,96.50,107
07/29/2020,99.68,12743520,97.07,99.71,97.00,108
07/30/2020,97.02,14834790,97.54,97.74,96.05,109
07/31/2020,96.64,14539500,96.48,96.93,95.25,110
08/03/2020,96.10,12972560,97.02,97.57,95.85,111
08/04/2020,95.55,13366150,95.91,95.95,95.03,112
08/05/2020,97.21,15349690,95.87,98.47,95.72,113
08/06/2020,97.24,10482060,97.58,98.10,96.54,114
08/07/2020,99.38,14743680,96.93,99.49,96.56,115
08/10/2020,100.64,14989850,100.11,102.04,100.03,116
08/11/2020,103.82,31518610,103.86,106.16,103.51,117
08/12/2020,102.94,19250160,106.16,106.43,101.71,118
08/13/2020,102.37,13598650,102.00,103.36,101.64,119
08/14/2020,102.41,12134360,101.50,103.31,101.42,120
08/17/2020,99.71,14987990,101.50,102.00,99.53,121
08/18/2020,98.32,13246510,99.91,99.91,98.12,122
08/19/2020,98.55,13533020,98.92,100.59,98.34,123
08/20/2020,97.37,13672580,97.26,98.03,96.80,124
08/21/2020,97.32,12228300,97.27,98.57,96.94,125
08/24/2020,100.06,17898270,98.45,100.21,97.42,126
08/25/2020,100.50,13648930,101.27,101.98,99.80,127
08/26/2020,99.09,12052440,99.94,100.27,99.05,128
08/27/2020,102.35,22163860,99.00,102.65,99.00,129
08/28/2020,102.77,13756730,103.14,103.25,101.81,130
08/31/2020,100.19,14219440,102.12,102.18,100.02,131
09/01/2020,100.14,11602050,99.55,100.87,99.04,132
09/02/2020,101.65,14475670,99.95,101.94,99.56,133
09/03/2020,101.33,23281240,103.32,104.99,100.64,134
09/04/2020,103.52,26325470,104.05,105.21,101.37,135
09/08/2020,99.92,22108610,102.98,103.57,99.48,136
09/09/2020,100.87,13434020,100.80,101.69,99.56,137
09/10/2020,99.83,15922790,101.40,102.42,99.64,138
09/11/2020,101.07,13784340,99.97,101.36,99.59,139
09/14/2020,102.47,19017370,101.51,103.46,101.37,140
09/15/2020,99.28,23682970,102.73,102.85,99.14,141
09/16/2020,99.70,19284240,99.43,101.13,98.76,142
09/17/2020,98.56,18290100,98.70,99.34,97.71,143
09/18/2020,98.35,20121580,97.89,99.49,97.44,144
09/21/2020,95.31,28378770,95.20,96.05,93.82,145
09/22/2020,94.27,19257000,94.96,95.66,93.67,146
09/23/2020,92.74,19952670,94.78,95.35,92.66,147
09/24/2020,92.66,18366520,92.32,94.30,91.38,148
09/25/2020,93.47,13293080,92.05,93.72,91.87,149
09/28/2020,96.16,20894110,95.06,96.93,94.35,150
09/29/2020,95.35,12854670,96.03,96.03,94.33,151
09/30/2020,96.27,16400590,95.35,97.20,95.26,152
10/01/2020,96.97,15778670,97.12,97.77,96.03,153
10/02/2020,97.89,15149570,95.25,98.59,95.09,154
10/05/2020,99.04,13871880,98.32,99.25,97.53,155
10/06/2020,98.02,19220440,100.07,100.86,97.51,156
10/07/2020,99.73,16358530,98.96,100.35,98.67,157
10/08/2020,101.78,15659020,100.51,101.92,99.90,158
10/09/2020,101.20,13689120,102.00,102.11,100.11,159
10/12/2020,102.44,16057980,101.10,103.00,100.85,160
10/13/2020,100.78,21697310,103.00,103.22,100.26,161
10/14/2020,100.22,15214910,101.03,101.93,100.10,162
10/15/2020,101.72,17171200,99.10,101.78,99.04,163
10/16/2020,101.51,13276400,101.41,102.33,100.72,164
10/19/2020,99.80,11725670,101.60,101.87,99.56,165
10/20/2020,100.37,11257070,100.31,101.77,100.12,166
10/21/2020,99.37,10730520,100.36,100.99,99.33,167
10/22/2020,102.88,14837200,99.32,103.24,99.31,168
10/23/2020,103.81,15087610,103.50,104.45,102.93,169
10/26/2020,101.24,12410740,102.65,102.70,100.25,170
10/27/2020,99.33,10391660,100.51,100.92,99.16,171
10/28/2020,96.54,16389460,97.50,98.30,96.07,172
10/29/2020,97.17,14208820,96.12,97.98,95.24,173
10/30/2020,98.04,15200690,97.91,98.42,96.23,174
11/02/2020,100.25,15011600,99.39,100.88,97.86,175
11/03/2020,103.41,17482590,103.02,104.74,102.69,176
11/04/2020,100.25,18886520,101.00,102.07,98.93,177
11/05/2020,104.35,17837370,101.06,105.10,101.00,178
11/06/2020,102.96,12552790,105.03,105.10,102.39,179
11/09/2020,116.90,47792410,113.16,118.90,110.35,180
11/10/2020,116.52,20539340,117.35,117.45,114.69,181
11/11/2020,114.78,14443410,116.89,116.96,113.96,182
11/12/2020,113.37,22066460,112.53,113.96,112.06,183
11/13/2020,114.08,11856870,114.70,114.86,113.57,184
11/16/2020,117.30,19858560,117.79,118.61,115.73,185
11/17/2020,116.11,14553250,115.39,116.44,114.58,186
11/18/2020,115.25,12571220,117.34,118.61,115.20,187
11/19/2020,115.56,10202540,114.18,115.82,113.56,188
11/20/2020,114.57,12720820,114.43,115.65,114.09,189
11/23/2020,117.87,13209210,116.05,118.17,115.57,190
11/24/2020,123.32,20121560,120.07,123.50,119.71,191
11/25/2020,122.03,11715630,121.37,122.38,120.47,192
11/27/2020,121.22,5983627,122.00,122.35,121.08,193
11/30/2020,117.88,14411850,120.00,120.72,117.77,194
12/01/2020,119.74,12678220,120.34,121.58,119.63,195
12/02/2020,122.04,10811260,119.70,122.31,119.27,196
12/03/2020,121.24,12904410,121.85,121.89,120.36,197
12/04/2020,122.34,13583650,122.48,123.29,121.69,198
12/07/2020,121.88,9724307,121.15,122.17,120.21,199
12/08/2020,122.00,9592124,121.04,122.33,120.76,200
12/09/2020,121.05,13073930,123.17,123.30,120.44,201
12/10/2020,120.27,13668420,119.99,120.78,119.56,202
12/11/2020,119.56,9981643,118.94,120.02,118.37,203
12/14/2020,118.30,12112350,121.34,121.42,118.11,204
12/15/2020,120.32,12591420,119.29,120.90,118.62,205
12/16/2020,120.67,11169360,120.30,121.08,119.86,206
12/17/2020,119.67,11618000,121.26,121.45,119.58,207
12/18/2020,119.08,28954760,119.14,119.88,118.27,208
12/21/2020,123.55,28323640,123.17,125.00,121.09,209
12/22/2020,121.67,11808880,123.39,123.52,121.61,210
12/23/2020,125.07,14973230,122.78,126.52,122.35,211
12/24/2020,124.52,4164948,125.09,125.55,123.57,212
12/28/2020,125.34,8072641,125.82,126.65,124.79,213
12/29/2020,125.01,8389199,126.20,126.28,124.89,214
12/30/2020,125.36,7397964,125.49,125.85,124.90,215
12/31/2020,127.07,8580214,125.09,127.33,124.82,216
01/04/2021,125.87,16819920,127.50,127.86,124.78,217
01/05/2021,125.65,13731210,124.99,126.30,123.77,218
01/06/2021,131.55,24909060,129.88,132.77,127.88,219
01/07/2021,135.87,21940390,135.69,138.19,134.92,220
01/08/2021,136.02,12035130,135.97,136.35,134.12,221
01/11/2021,138.05,15949050,134.58,138.20,134.11,222
01/12/2021,140.22,18033460,139.44,141.66,138.83,223
01/13/2021,140.35,14816760,138.59,140.79,138.10,224
01/14/2021,141.17,18565600,140.49,142.75,140.00,225
01/15/2021,138.64,27881020,137.43,141.65,137.01,226
01/19/2021,138.04,19843780,139.86,140.70,137.82,227
01/20/2021,135.97,16028850,137.82,138.17,135.44,228
01/21/2021,134.83,13415020,135.69,136.16,134.33,229
01/22/2021,133.79,12933230,132.69,134.40,132.20,230
01/25/2021,132.12,14212760,132.14,133.17,130.06,231
01/26/2021,131.58,11307820,132.75,133.17,131.34,232
01/27/2021,127.86,17603850,129.59,129.85,127.35,233
01/28/2021,130.11,13761760,129.90,132.17,128.99,234
01/29/2021,128.67,14808110,131.19,131.72,128.19,235
02/01/2021,129.62,11080660,129.40,130.07,128.48,236
02/02/2021,133.61,12253570,131.94,134.39,131.22,237
02/03/2021,135.14,10600780,133.65,135.76,133.51,238
02/04/2021,138.25,12419530,135.47,138.66,135.47,239
02/05/2021,137.98,10051270,139.39,139.49,137.38,240
02/08/2021,140.14,10136380,138.20,140.30,138.18,241
02/09/2021,139.58,8614807,139.43,139.98,138.54,242
02/10/2021,139.66,10323200,140.00,140.87,139.04,243
02/11/2021,139.27,9200955,139.66,140.55,138.22,244
02/12/2021,141.25,8324562,139.05,141.61,139.00,245
02/16/2021,144.65,12130620,143.55,145.32,142.40,246
02/17/2021,145.10,10834190,143.95,145.38,143.12,247
02/18/2021,145.59,10590270,144.00,145.79,143.40,248
02/19/2021,148.02,11969780,145.86,148.84,145.86,249
02/22/2021,149.41,11488420,146.87,150.19,146.79,250
02/23/2021,150.61,16234410,151.51,152.31,149.59,251
02/24/2021,153.26,15061430,150.11,153.76,150.11,252
02/25/2021,151.18,18127710,154.27,154.90,150.59,253
02/26/2021,147.17,19829180,150.30,150.87,146.51,254
03/01/2021,150.50,14845480,149.52,151.38,148.48,255
03/02/2021,150.01,14221720,150.08,151.78,149.84,256
03/03/2021,152.91,14324100,151.23,154.98,150.83,257
03/04/2021,150.56,20093910,152.61,154.38,148.62,258
03/05/2021,150.91,18465110,153.22,153.49,147.97,259
03/08/2021,152.91,17133270,152.47,155.46,150.75,260
03/09/2021,151.83,16238760,151.50,154.25,149.82,261
03/10/2021,155.13,14342240,151.91,156.16,151.51,262
03/11/2021,154.32,11771480,154.11,156.15,153.36,263
03/12/2021,156.15,12849530,156.86,157.63,155.07,264
03/15/2021,155.37,12103260,156.35,156.92,153.96,265
03/16/2021,153.51,12805570,154.09,154.60,152.19,266
03/17/2021,155.09,13952380,155.34,156.88,153.05,267
03/18/2021,157.65,21898470,157.60,161.69,157.11,268
03/19/2021,155.14,54418830,155.51,155.94,151.19,269
03/22/2021,150.97,19944850,152.80,153.97,150.61,270
03/23/2021,149.46,17076300,150.33,152.12,148.96,271
03/24/2021,150.62,13079790,150.00,153.18,149.86,272
03/25/2021,152.55,15608340,150.00,152.97,149.33,273
03/26/2021,155.09,16754400,154.30,155.45,152.55,274
03/29/2021,152.68,17570340,152.12,153.73,151.04,275
03/30/2021,154.48,13184310,154.46,155.87,153.88,276
03/31/2021,152.23,16736680,153.28,154.49,152.12,277
04/01/2021,153.71,16561510,151.90,153.79,151.55,278
04/05/2021,153.62,13507980,154.40,154.94,152.60,279
04/06/2021,152.54,13071550,152.79,154.28,151.86,280
04/07/2021,154.93,16903520,153.10,155.23,152.65,281
04/08/2021,155.12,12335510,154.00,155.51,152.31,282
04/09/2021,156.28,12122400,155.81,157.04,154.97,283
04/12/2021,155.95,12273360,155.58,157.25,155.57,284
04/13/2021,154.09,16113560,154.75,155.20,152.43,285
04/14/2021,151.21,19939590,151.47,153.83,150.93,286
04/15/2021,152.17,17694130,151.25,152.20,149.32,287
04/16/2021,153.30,13773410,153.87,154.51,152.69,288
04/19/2021,152.65,11900220,153.42,153.88,152.22,289
04/20/2021,149.27,13716680,151.74,151.75,148.65,290
04/21/2021,150.54,12236670,147.79,150.61,146.79,291
04/22/2021,147.37,15256120,150.23,150.30,147.26,292
04/23/2021,150.19,14043090,147.18,151.13,146.69,293
04/26/2021,150.56,10799070,150.78,152.46,150.38,294
04/27/2021,151.25,12821180,150.50,151.57,150.11,295
04/28/2021,152.23,8943653,152.43,152.89,151.40,296
04/29/2021,155.19,12976870,153.54,155.28,153.20,297
04/30/2021,153.81,11705070,154.10,154.49,153.01,298
05/03/2021,153.36,11801110,154.85,155.48,153.13,299
05/04/2021,155.48,12977670,152.87,155.64,152.14,300
05/05/2021,157.52,6938197,156.00,158.28,154.63,301
05/06/2021,160.69,13542410,158.07,160.83,157.16,302
05/07/2021,161.24,14257830,157.22,161.50,157.02,303
05/10/2021,161.22,14014330,161.50,163.73,161.12,304
05/11/2021,158.54,15451670,161.08,162.39,158.04,305
05/12/2021,157.45,14381730,159.61,160.78,157.03,306
05/13/2021,161.50,15397360,158.18,162.45,157.68,307
05/14/2021,164.01,10583980,162.39,164.45,161.99,308
05/17/2021,164.67,9883458,163.37,164.85,163.03,309
05/18/2021,162.35,11098120,164.68,165.50,162.24,310
05/19/2021,161.11,13278900,161.00,161.18,158.64,311
05/20/2021,160.83,10426010,160.83,161.86,159.52,312
05/21/2021,162.66,10248990,161.34,163.22,160.94,313
05/24/2021,163.54,9440290,163.36,164.23,162.12,314
05/25/2021,161.85,12609080,163.85,165.70,161.56,315
05/26/2021,161.83,13058340,163.57,163.74,161.31,316
05/27/2021,164.35,15707510,163.95,164.75,162.57,317
05/28/2021,164.24,10294700,164.68,164.94,163.26,318
06/01/2021,166.05,9445366,165.87,166.91,165.48,319
06/02/2021,166.06,10498570,167.26,167.44,165.53,320
06/03/2021,166.17,13354650,165.41,167.25,164.66,321
06/04/2021,166.44,8510831,166.21,166.67,165.03,322
06/07/2021,165.66,7267196,167.00,167.10,165.14,323
06/08/2021,165.00,10370720,164.49,165.76,163.16,324
06/09/2021,162.94,12377370,164.14,164.22,162.28,325
06/10/2021,160.40,12119420,164.36,165.24,160.31,326
06/11/2021,160.29,13683770,160.43,161.20,159.06,327
06/14/2021,157.57,19917860,160.15,160.33,156.66,328
06/15/2021,155.18,24485480,156.70,156.92,154.13,329
06/16/2021,156.27,25321230,154.73,157.62,153.11,330
06/17/2021,151.76,29722420,157.10,157.46,151.25,331
06/18/2021,147.92,43595660,149.30,149.70,147.56,332
06/21/2021,150.43,18664800,149.08,151.20,149.02,333
06/22/2021,150.21,14251160,150.60,150.97,148.66,334
06/23/2021,151.12,12733330,150.20,152.04,150.09,335
06/24/2021,152.51,13733190,151.92,153.12,151.22,336
06/25/2021,154.05,15484920,152.59,154.50,151.67,337
06/28/2021,154.33,14125840,153.70,154.48,152.12,338
06/29/2021,154.14,14528710,155.00,156.31,153.61,339
06/30/2021,155.54,12530990,153.75,156.08,153.71,340
07/01/2021,157.08,10479390,156.26,157.14,155.42,341
07/02/2021,156.03,11431350,155.95,156.32,155.12,342
07/06/2021,153.41,15083360,155.78,155.78,152.35,343
07/07/2021,153.59,12271790,152.01,154.28,151.55,344
07/08/2021,150.94,17834570,151.61,152.53,150.04,345
07/09/2021,155.77,13694520,153.05,156.15,152.58,346
07/12/2021,158.00,19940360,154.35,159.16,153.94,347
07/13/2021,155.65,22671740,156.05,157.39,153.50,348
07/14/2021,155.12,14622830,155.95,157.28,152.95,349
07/15/2021,155.46,11539260,153.90,156.53,153.70,350
07/16/2021,151.91,14002740,155.96,156.28,151.02,351
07/19/2021,146.97,22172870,148.55,149.82,145.71,352
07/20/2021,149.71,15385160,146.52,151.12,146.33,353
07/21/2021,152.86,12356690,152.05,153.65,151.36,354
07/22/2021,150.93,9913322,152.88,153.44,149.97,355
07/23/2021,150.64,9666101,151.48,152.84,150.25,356
07/26/2021,151.65,8207990,150.19,151.96,150.17,357
07/27/2021,151.45,11218730,150.40,152.49,149.80,358
07/28/2021,151.70,9217294,152.29,152.77,150.88,359
07/29/2021,153.00,9063531,153.14,153.87,151.91,360
07/30/2021,151.78,9805241,152.58,153.67,151.20,361
08/02/2021,151.17,10203160,152.03,154.45,151.07,362
08/03/2021,152.89,10394800,151.95,153.32,149.52,363
08/04/2021,151.24,10154970,151.25,153.37,150.91,364
08/05/2021,153.15,9151499,152.28,153.69,152.01,365
08/06/2021,157.50,13328750,155.19,157.82,155.11,366
08/09/2021,157.33,9516867,157.52,158.55,155.90,367
08/10/2021,159.26,8666998,156.74,159.98,156.31,368
08/11/2021,161.16,9156458,160.00,161.50,159.08,369
08/12/2021,161.79,8849610,161.88,162.37,160.55,370
08/13/2021,159.98,8980903,161.79,162.16,159.57,371
08/16/2021,158.93,8759767,158.94,159.03,156.78,372
08/17/2021,157.01,9347213,157.57,158.86,155.27,373
08/18/2021,155.58,8065493,156.31,158.01,155.34,374
08/19/2021,154.28,9517737,153.16,155.56,153.01,375
08/20/2021,154.72,6974102,154.35,154.90,153.16,376
08/23/2021,156.70,7934587,155.33,157.09,155.24,377
08/24/2021,157.67,7670925,157.00,158.55,156.87,378
08/25/2021,160.92,11335040,158.51,161.78,157.80,379
08/26/2021,161.75,11027450,162.26,163.83,161.15,380
08/27/2021,163.05,8780185,161.75,163.16,161.26,381
08/30/2021,160.44,7937561,163.21,163.49,159.88,382
08/31/2021,159.95,12340840,160.44,161.37,159.35,383
09/01/2021,159.72,8729920,160.22,160.76,158.97,384
09/02/2021,160.46,8815634,160.02,161.61,159.43,385
09/03/2021,159.49,7961223,160.39,160.89,159.15,386
09/07/2021,159.21,9290968,159.99,161.38,158.96,387
09/08/2021,158.50,7852678,158.89,159.58,158.04,388
09/09/2021,159.19,7904256,158.27,160.83,158.08,389
09/10/2021,157.36,8311551,160.56,160.72,157.22,390
09/13/2021,159.86,10052810,158.53,160.05,158.07,391
09/14/2021,157.07,11685610,160.45,161.34,156.26,392
09/15/2021,158.16,11691490,156.72,158.69,156.47,393
09/16/2021,158.09,10880900,159.41,160.86,157.22,394
09/17/2021,157.68,25608020,157.38,159.01,157.00,395
09/20/2021,152.96,15819910,153.89,154.56,150.49,396
09/21/2021,152.98,8999860,153.53,154.55,152.58,397
09/22/2021,155.91,11236150,155.20,157.25,155.10,398
09/23/2021,161.18,12336140,158.00,161.71,157.67,399
09/24/2021,163.04,10102430,161.44,163.59,160.82,400
09/27/2021,166.98,13220870,165.00,167.40,164.61,401
09/28/2021,166.08,13387890,167.70,169.30,165.66,402
09/29/2021,165.95,7777078,166.21,166.90,165.04,403
09/30/2021,163.69,13168020,166.92,166.99,162.79,404
10/01/2021,167.13,11284980,164.00,168.30,163.60,405
10/04/2021,166.95,14120040,166.97,170.44,165.73,406
10/05/2021,168.66,12292880,167.21,170.14,166.67,407
10/06/2021,169.02,8692607,167.99,169.10,166.00,408
10/07/2021,170.09,10195440,171.20,171.51,169.54,409
10/08/2021,170.22,8190144,170.02,171.34,169.30,410
10/11/2021,166.64,12154740,170.80,171.29,166.46,411
10/12/2021,165.36,13032630,165.75,166.69,164.77,412
10/13/2021,161.00,22753490,164.07,165.41,160.60,413
10/14/2021,163.47,15180730,161.75,164.01,160.06,414
10/15/2021,166.61,14267440,165.35,167.17,164.14,415
10/18/2021,166.55,12672910,166.48,168.61,165.91,416
10/19/2021,168.57,8053949,167.40,168.65,166.58,417
10/20/2021,170.84,8185565,168.30,170.87,167.46,418
10/21/2021,169.50,8415166,170.76,171.33,168.68,419
10/22/2021,171.78,8817895,170.03,172.09,169.70,420
10/25/2021,170.94,10159200,172.71,172.96,170.48,421
10/26/2021,171.40,8015067,171.00,172.49,170.54,422
10/27/2021,167.83,9846993,170.32,170.70,167.34,423
10/28/2021,170.36,7212937,168.30,170.51,167.96,424
10/29/2021,169.89,8140070,171.18,172.24,169.39,425
11/01/2021,169.80,7435507,172.04,172.33,169.01,426
11/02/2021,170.47,7173754,169.80,171.69,168.92,427
11/03/2021,170.53,8402685,170.13,171.13,169.15,428
11/04/2021,168.29,9574152,170.00,170.20,166.49,429
11/05/2021,168.05,7975570,168.90,170.09,167.41,430
11/08/2021,169.06,6413707,169.05,170.92,168.74,431
11/09/2021,167.78,7990283,167.35,168.47,166.60,432
11/10/2021,167.62,6999214,167.45,168.95,167.09,433
11/11/2021,167.61,5815267,167.52,168.68,166.90,434
11/12/2021,166.86,8113441,167.65,167.74,165.72,435
11/15/2021,166.56,6492463,167.21,167.79,166.00,436
11/16/2021,165.36,9706145,167.06,167.07,165.12,437
11/17/2021,164.47,9909576,165.21,165.56,163.39,438
11/18/2021,163.05,8123567,164.39,164.85,162.56,439
11/19/2021,160.92,12193630,161.30,162.11,159.45,440
11/22/2021,164.35,14551670,164.16,165.98,162.99,441
11/23/2021,168.28,12362340,165.50,168.56,165.37,442
11/24/2021,166.96,9629790,168.46,169.44,166.44,443
11/26/2021,161.93,13619280,162.14,162.65,158.82,444
11/29/2021,161.23,12104370,163.31,164.78,159.82,445
11/30/2021,158.83,18922620,159.16,160.63,158.29,446
12/01/2021,157.89,12258690,161.00,163.27,157.80,447
12/02/2021,161.21,12969930,159.83,163.25,158.80,448
12/03/2021,158.29,12681770,161.50,161.83,157.19,449
12/06/2021,160.16,11186490,161.01,162.61,159.46,450
12/07/2021,162.57,9851554,161.88,163.39,161.16,451
12/08/2021,160.71,11705670,162.66,163.27,160.17,452
12/09/2021,160.46,11189640,159.65,160.93,158.65,453
12/10/2021,159.82,10405370,161.32,161.70,159.13,454
12/13/2021,157.92,12068990,159.50,159.79,157.28,455
12/14/2021,159.13,12563560,157.45,160.89,157.30,456
12/15/2021,157.94,14014170,159.85,159.85,157.35,457
12/16/2021,160.41,19542760,160.39,161.83,158.70,458
12/17/2021,156.76,28138030,159.32,159.38,155.18,459
12/20/2021,153.94,15147980,154.51,154.70,151.84,460
12/21/2021,156.09,11291340,155.41,157.18,155.09,461
12/22/2021,156.70,7272989,155.75,157.06,155.24,462
12/23/2021,157.26,8055154,157.61,159.12,157.21,463
12/27/2021,158.16,6189234,157.60,158.20,156.34,464
12/28/2021,158.64,6342743,158.20,160.15,158.08,465
12/29/2021,158.56,6398927,158.85,159.63,158.15,466
12/30/2021,158.48,6948171,159.11,160.24,158.37,467
12/31/2021,158.35,5805902,158.45,159.29,157.96,468
01/03/2022,161.70,13128120,159.86,162.64,159.51,469
01/04/2022,167.83,20195800,164.31,168.58,164.23,470
01/05/2022,163.78,17539410,167.82,168.36,163.73,471
01/06/2022,165.52,14047500,166.91,167.37,163.87,472
01/07/2022,167.16,13913350,165.67,167.53,165.06,473
01/10/2022,167.32,12922460,169.07,169.31,165.53,474
01/11/2022,167.49,11854120,168.26,168.52,166.31,475
01/12/2022,168.44,12568010,168.46,169.59,167.18,476
01/13/2022,168.23,13623420,168.34,169.81,167.89,477
01/14/2022,157.89,40158360,160.76,161.03,156.90,478
01/18/2022,151.27,32348430,155.78,155.78,150.54,479
01/19/2022,148.93,22380030,151.57,152.23,148.55,480
01/20/2022,147.66,14860840,148.99,150.61,147.36,481
01/21/2022,145.08,20705400,147.50,147.51,144.27,482
01/24/2022,144.95,28503120,142.28,145.48,139.57,483
01/25/2022,146.53,18915870,143.65,146.85,140.79,484
01/26/2022,147.92,20709100,148.72,150.57,145.96,485
01/27/2022,145.31,17544520,149.42,150.38,144.13,486
01/28/2022,146.61,14116970,144.19,146.76,142.17,487
01/31/2022,148.60,13985750,145.64,148.79,144.67,488
02/01/2022,151.15,14584940,148.69,151.47,148.30,489
02/02/2022,149.94,12441140,150.50,150.94,148.07,490
02/03/2022,148.70,12474880,150.00,151.65,148.29,491
02/04/2022,152.56,16654410,149.10,153.50,148.77,492
02/07/2022,153.07,12572280,153.27,153.62,150.85,493
02/08/2022,155.95,20411390,155.00,158.48,154.80,494
02/09/2022,156.60,9131135,156.59,157.43,155.82,495
02/10/2022,155.95,16455640,156.66,159.03,155.22,496
02/11/2022,153.92,16830010,155.61,158.19,152.97,497
02/14/2022,152.49,17026490,152.73,153.68,150.32,498
02/15/2022,154.72,9500867,154.51,155.94,153.85,499
02/16/2022,155.00,9076526,153.74,156.10,153.74,500
02/17/2022,151.43,11367460,153.00,153.73,150.67,501
02/18/2022,152.14,11733320,152.13,154.14,151.13,502
02/22/2022,151.87,11333480,150.60,153.24,150.41,503
02/23/2022,148.69,11799030,153.12,153.30,147.97,504
02/24/2022,144.55,25655100,142.94,144.99,139.78,505
02/25/2022,147.97,18367680,145.25,150.13,144.91,506
02/28/2022,141.80,31315340,143.55,145.06,140.88,507
03/01/2022,136.45,36840450,140.04,140.48,133.58,508
03/02/2022,139.28,19405580,137.29,140.04,136.61,509
03/03/2022,138.29,16640800,139.84,140.98,137.06,510
03/04/2022,134.40,21020680,134.94,135.42,132.40,511
03/07/2022,129.21,27560050,132.17,132.69,128.95,512
03/08/2022,128.30,19207820,129.64,131.79,127.27,513
03/09/2022,133.44,17536200,132.90,135.24,132.44,514
03/10/2022,131.86,15604250,131.86,133.45,130.33,515
03/11/2022,128.89,20061790,132.49,134.08,128.42,516
03/14/2022,130.17,15786900,129.46,132.92,129.23,517
03/15/2022,132.48,15096600,131.80,133.55,131.13,518
03/16/2022,138.40,20354900,134.87,138.49,134.43,519
03/17/2022,140.15,17050450,136.86,140.19,135.92,520
03/18/2022,140.10,23656520,140.19,140.85,138.46,521
03/21/2022,139.65,12676050,140.35,140.76,138.73,522
03/22/2022,142.62,13548590,142.27,143.93,141.72,523
03/23/2022,139.78,12093220,140.98,141.59,139.20,524
03/24/2022,140.69,10017630,140.30,140.71,139.11,525
03/25/2022,141.92,8386416,141.09,143.18,140.80,526
03/28/2022,140.87,10818080,140.00,140.97,137.90,527
03/29/2022,141.18,11316500,143.35,143.60,140.24,528
03/30/2022,140.54,8771027,141.90,142.12,139.91,529
03/31/2022,136.32,17353940,139.83,140.35,136.26,530
04/01/2022,135.31,15721300,137.40,137.41,133.80,531
04/04/2022,135.91,17422940,134.12,136.94,132.89,532
04/05/2022,133.34,12110270,134.07,135.40,133.01,533
04/06/2022,131.49,12914730,131.58,132.56,130.96,534
04/07/2022,131.09,12994230,130.95,131.92,128.73,535
04/08/2022,133.49,13126940,131.67,133.90,131.49,536
04/11/2022,133.00,10466430,133.00,134.90,132.57,537
04/12/2022,131.54,12989860,132.14,134.58,130.70,538
04/13/2022,127.30,30838030,126.94,129.25,126.01,539
04/14/2022,126.12,18835190,126.50,128.30,125.02,540
04/18/2022,128.46,11834440,125.67,129.24,125.54,541
04/19/2022,131.12,15015450,128.45,131.32,128.23,542
04/20/2022,131.58,13430190,132.52,133.51,131.34,543
04/21/2022,130.56,12174180,132.22,132.81,129.96,544
04/22/2022,126.81,14318840,130.28,130.52,126.69,545
04/25/2022,126.77,17149030,126.01,127.12,123.11,546
04/26/2022,123.02,17209540,124.64,126.41,122.87,547
04/27/2022,121.42,17215250,122.33,123.56,121.22,548
04/28/2022,123.34,13019940,122.81,123.65,121.14,549
04/29/2022,119.36,14874810,123.05,123.61,118.90,550
05/02/2022,120.45,18544960,119.88,120.71,118.22,551
05/03/2022,123.03,15720940,121.53,124.17,120.78,552
05/04/2022,127.10,17128540,122.80,127.40,122.74,553
05/05/2022,123.92,15055400,125.25,126.10,122.16,554
05/06/2022,123.72,14417940,123.80,124.29,121.18,555
05/09/2022,121.86,14312300,122.11,123.33,120.50,556
05/10/2022,118.89,16382440,123.11,123.78,117.56,557
05/11/2022,118.14,14630300,119.30,122.89,117.94,558
05/12/2022,118.04,16318800,117.00,118.32,115.37,559
05/13/2022,119.09,10443200,119.41,120.25,117.96,560
05/16/2022,118.26,10269030,118.54,119.46,117.23,561
05/17/2022,122.18,11160150,121.04,122.97,120.81,562
05/18/2022,120.09,12664910,121.30,121.97,119.53,563
05/19/2022,118.31,12765770,118.19,119.65,117.63,564
05/20/2022,117.34,13150100,119.46,119.67,115.02,565
05/23/2022,124.60,24376730,120.46,126.57,120.45,566
05/24/2022,126.36,19324920,124.36,127.49,123.11,567
05/25/2022,127.24,12780390,126.28,127.86,125.17,568
05/26/2022,129.44,15990940,128.37,130.19,128.21,569
05/27/2022,131.27,11177760,130.16,131.27,129.14,570
05/31/2022,132.23,17015040,130.18,133.15,129.71,571
06/01/2022,129.91,10768020,132.87,132.87,128.67,572
06/02/2022,132.00,8374794,129.90,132.01,128.67,573
06/03/2022,130.16,8596022,131.21,131.77,129.99,574
06/06/2022,129.73,11323460,131.09,132.39,129.46,575
06/07/2022,130.07,6722167,128.83,130.32,128.62,576
06/08/2022,128.00,8422110,129.00,129.45,126.90,577
06/09/2022,125.31,13565480,127.37,128.10,125.27,578
06/10/2022,119.55,12951760,122.59,123.40,119.32,579
06/13/2022,115.99,16805560,116.86,117.95,115.06,580
06/14/2022,114.06,13357910,115.55,117.32,113.22,581
06/15/2022,115.41,14083550,115.62,116.95,113.17,582
06/16/2022,113.43,16724860,113.86,114.26,111.87,583
06/17/2022,113.03,30919870,113.54,114.63,112.16,584
06/21/2022,115.83,11680490,115.87,117.03,115.04,585
06/22/2022,115.18,9848572,114.88,116.20,114.39,586
06/23/2022,113.92,11851540,115.01,115.18,111.48,587
06/24/2022,117.32,14841090,113.23,117.82,112.83,588
06/27/2022,116.38,11280490,118.06,118.50,115.64,589
06/28/2022,115.82,11615520,117.67,119.29,115.60,590
06/29/2022,115.30,9338432,116.00,116.82,114.73,591
06/30/2022,112.61,15172610,113.17,114.08,110.93,592
07/01/2022,114.05,10573580,112.65,114.42,111.16,593
07/05/2022,112.62,12515590,110.77,112.71,109.30,594
07/06/2022,111.89,10656200,111.73,112.99,110.79,595
07/07/2022,114.72,10347390,113.50,114.90,113.40,596
07/08/2022,114.36,8807840,115.16,115.65,113.61,597
07/11/2022,112.86,7944573,113.55,114.23,112.22,598
07/12/2022,112.97,11250920,112.58,115.18,112.26,599
07/13/2022,111.91,12979880,111.75,112.48,110.38,600
07/14/2022,108.00,26204850,107.99,108.23,106.06,601
07/15/2022,112.95,18863890,109.16,113.88,107.67,602
07/18/2022,111.79,13977900,114.77,115.84,111.29,603
07/19/2022,114.56,11862270,113.13,114.94,112.67,604
07/20/2022,114.54,11667540,114.10,114.74,113.48,605
07/21/2022,115.32,11595860,114.44,115.53,113.37,606
07/22/2022,114.76,7645542,115.24,116.25,113.67,607
07/25/2022,115.22,9394033,115.84,116.46,114.77,608
07/26/2022,113.42,10675120,114.58,115.58,113.03,609
07/27/2022,115.24,9274454,114.01,115.74,113.30,610
07/28/2022,114.81,10384770,115.25,115.98,113.53,611
07/29/2022,115.36,12944540,115.59,116.50,114.79,612
08/01/2022,114.21,14740410,114.50,115.11,113.07,613
08/02/2022,112.43,14942850,113.92,114.40,112.27,614
08/03/2022,113.61,14394500,113.45,114.10,111.71,615
08/04/2022,112.36,18033850,112.85,113.32,111.02,616
08/05/2022,115.76,14174640,112.53,116.19,112.05,617
08/08/2022,114.35,10339580,116.25,116.70,114.18,618
08/09/2022,115.38,10233750,114.75,115.99,114.37,619
08/10/2022,118.39,12847260,117.96,119.37,117.50,620
08/11/2022,120.14,11684860,119.90,121.20,119.31,621
08/12/2022,122.13,9906716,120.67,122.25,119.44,622
08/15/2022,122.46,8456202,121.14,122.72,120.60,623
08/16/2022,123.63,9554966,122.29,124.24,121.87,624
08/17/2022,122.59,8149335,122.30,123.16,121.69,625
08/18/2022,121.64,9531752,122.24,122.47,120.55,626
08/19/2022,118.63,13464470,120.62,120.99,118.11,627
08/22/2022,116.67,8967607,116.75,117.16,115.50,628
08/23/2022,115.52,7607042,116.69,117.29,115.38,629
08/24/2022,115.80,9771264,115.29,116.41,114.45,630
08/25/2022,118.55,10758870,116.16,118.74,115.68,631
08/26/2022,114.67,11276210,119.46,119.99,114.60,632
08/29/2022,114.39,8117296,114.00,114.86,113.46,633
08/30/2022,114.41,10745400,115.00,115.58,113.36,634
08/31/2022,113.73,10738300,114.48,115.03,113.34,635
09/01/2022,114.51,9979823,113.29,114.63,111.91,636
09/02/2022,113.71,10666590,115.87,117.45,113.19,637
09/06/2022,113.74,9751914,114.33,114.75,112.07,638
09/07/2022,115.90,10647870,113.13,116.11,112.76,639
09/08/2022,118.60,11434980,115.28,118.79,114.63,640
09/09/2022,119.17,9302228,119.14,120.05,118.67,641
09/12/2022,120.58,8614630,120.62,121.55,119.79,642
09/13/2022,116.39,12904580,118.07,118.92,115.78,643
09/14/2022,116.12,9345718,116.70,117.84,114.88,644
09/15/2022,117.87,10821440,116.12,119.38,115.76,645
09/16/2022,117.08,14844140,117.39,117.40,115.37,646
09/19/2022,118.16,8201305,116.00,118.73,115.51,647
09/20/2022,115.83,9619026,117.41,117.69,114.64,648
09/21/2022,112.49,12606280,116.54,116.60,112.42,649
09/22/2022,111.21,11684460,113.38,113.60,111.07,650
09/23/2022,109.14,18138570,110.05,110.34,107.16,651
09/26/2022,106.79,15753580,108.00,109.61,106.06,652
09/27/2022,105.85,12793610,107.75,108.17,104.65,653
09/28/2022,107.99,12762600,105.95,108.73,105.64,654
09/29/2022,106.16,12713930,106.95,107.28,104.40,655
09/30/2022,104.50,15973420,106.06,107.62,104.40,656
10/03/2022,107.73,12248140,105.62,108.36,104.46,657
10/04/2022,112.77,16013590,110.61,112.99,109.86,658
10/05/2022,110.39,10943500,109.75,110.95,108.83,659
10/06/2022,108.14,11521420,109.46,110.19,107.94,660
10/07/2022,105.98,11681090,107.52,107.71,105.27,661
10/10/2022,104.99,8931729,106.73,107.31,104.52,662
10/11/2022,101.96,12739700,104.37,104.54,101.85,663
10/12/2022,103.61,13180960,101.80,104.73,101.28,664
10/13/2022,109.37,22398710,101.98,109.90,101.76,665
10/14/2022,111.19,33420140,111.96,115.24,110.72,666
10/17/2022,115.86,22276270,115.41,117.01,114.32,667
10/18/2022,118.84,21539680,119.66,120.14,116.96,668
10/19/2022,116.51,17072040,117.99,118.83,115.67,669
10/20/2022,116.13,12207440,117.16,118.71,115.65,670
10/21/2022,122.23,20593310,116.46,122.39,116.33,671
10/24/2022,122.38,12624180,122.07,123.10,121.33,672
10/25/2022,122.70,11289100,121.85,123.27,120.89,673
10/26/2022,124.11,11671490,123.00,125.20,122.88,674
10/27/2022,124.60,10727610,125.20,126.20,124.21,675
10/28/2022,126.08,11859470,125.29,126.28,124.05,676
10/31/2022,125.88,13295170,125.70,127.43,125.59,677
11/01/2022,128.15,13386950,126.87,128.28,126.33,678
11/02/2022,126.97,16546090,127.65,130.36,126.64,679
11/03/2022,127.20,12474360,126.31,128.18,125.91,680
11/04/2022,130.68,14354350,129.49,130.83,128.46,681
11/07/2022,131.37,12011160,131.00,132.29,130.48,682
11/08/2022,131.45,9884053,131.24,132.06,130.14,683
11/09/2022,129.74,9493961,131.32,131.43,129.22,684
11/10/2022,135.08,16351590,132.63,135.25,132.53,685
11/11/2022,135.30,10704660,135.19,136.17,133.78,686
11/14/2022,133.91,11085600,134.80,135.73,133.91,687
11/15/2022,132.94,14038350,134.68,135.71,131.60,688
11/16/2022,133.12,7893359,133.00,133.56,132.03,689
11/17/2022,132.54,8824558,132.00,132.89,131.28,690
11/18/2022,133.84,9468537,134.57,134.67,132.28,691
11/21/2022,133.05,7800517,133.74,134.56,132.75,692
11/22/2022,135.04,9185670,134.00,135.27,133.69,693
11/23/2022,136.48,7316204,134.94,136.50,134.86,694
11/25/2022,136.74,3220496,136.48,137.14,136.06,695
11/28/2022,134.35,9907551,136.07,136.71,134.19,696
11/29/2022,136.56,7925322,134.66,136.64,134.41,697
11/30/2022,138.18,14761250,136.09,138.18,133.19,698
12/01/2022,136.24,8858472,138.18,138.66,135.43,699
12/02/2022,135.16,8932057,134.49,135.35,133.34,700
12/05/2022,131.37,10154530,134.24,134.57,130.60,701
12/06/2022,131.59,13966690,133.39,135.11,129.87,702
12/07/2022,131.50,11739430,131.31,133.08,130.33,703
12/08/2022,132.88,8907257,132.33,132.98,131.43,704
12/09/2022,132.16,7957818,132.20,133.76,132.00,705
12/12/2022,134.21,8841631,132.40,134.65,131.60,706
12/13/2022,134.08,10025380,136.89,137.09,133.08,707
12/14/2022,133.41,9966115,133.78,135.71,132.76,708
12/15/2022,130.10,12090290,131.15,132.08,129.05,709
12/16/2022,129.29,21133710,129.15,129.90,128.43,710
12/19/2022,130.06,9017156,129.65,131.33,129.09,711
12/20/2022,130.69,8549927,130.97,132.05,130.20,712
12/21/2022,132.16,8051704,132.18,132.98,131.77,713
12/22/2022,130.66,8651131,131.10,131.30,128.41,714
12/23/2022,131.28,5091905,130.58,131.44,129.64,715
12/27/2022,131.74,5410991,131.57,132.22,130.55,716
12/28/2022,132.46,8827738,131.85,133.41,131.01,717
12/29/2022,133.22,6585228,132.93,133.27,132.31,718
12/30/2022,134.10,9292519,132.81,134.33,132.44,719
01/03/2023,135.12,11054780,135.24,136.74,133.89,720
01/04/2023,136.38,11687640,135.99,137.68,135.57,721
01/05/2023,135.35,8381265,135.66,135.71,133.70,722
01/06/2023,137.94,10029080,136.13,138.38,134.49,723
01/09/2023,137.37,8482297,138.60,138.88,136.88,724
01/10/2023,138.60,9048665,137.79,138.72,137.31,725
01/11/2023,139.63,8703698,138.90,139.75,138.10,726
01/12/2023,139.49,11001670,140.00,140.86,139.22,727
01/13/2023,143.01,20200050,135.60,143.49,134.80,728
01/17/2023,140.80,14292880,141.17,141.54,139.23,729
01/18/2023,136.57,13392600,138.92,140.73,136.41,730
01/19/2023,134.75,13303370,135.32,135.90,133.59,731
01/20/2023,135.08,13092490,135.16,135.49,133.55,732
01/23/2023,137.27,10487130,135.12,137.96,134.82,733
01/24/2023,138.45,6944991,140.29,140.29,135.00,734
01/25/2023,139.12,8967007,138.05,139.12,137.25,735
01/26/2023,139.98,7487631,139.42,140.06,138.36,736
01/27/2023,140.32,7489946,140.61,141.26,139.75,737
01/30/2023,139.13,6729255,139.23,140.09,138.91,738
01/31/2023,139.96,9188738,139.88,140.07,138.25,739
02/01/2023,139.59,8841846,138.21,140.88,138.12,740
02/02/2023,138.94,11822060,140.00,140.46,138.00,741
02/03/2023,141.09,11501230,138.18,142.33,138.13,742
02/06/2023,141.92,8406231,140.23,142.24,140.03,743
02/07/2023,143.65,10447890,141.38,144.34,141.18,744
02/08/2023,142.64,6957965,142.65,144.04,142.28,745
02/09/2023,140.42,6443109,143.12,143.34,139.87,746
02/10/2023,141.04,6582853,139.78,141.28,138.59,747
02/13/2023,142.57,7134607,141.30,142.73,140.74,748
02/14/2023,143.20,9249399,142.50,143.81,141.60,749
02/15/2023,143.80,6731172,141.61,143.89,141.30,750
02/16/2023,141.82,8165306,142.91,143.39,141.68,751
02/17/2023,142.24,7948829,140.98,142.83,140.07,752
02/21/2023,139.63,9996283,140.69,141.34,138.75,753
02/22/2023,138.56,11107500,138.92,139.43,137.44,754
02/23/2023,139.67,8068010,138.73,140.17,137.94,755
02/24/2023,140.93,9126888,139.11,141.36,138.93,756
02/27/2023,142.16,10014650,142.11,143.31,141.72,757
02/28/2023,143.35,11019760,142.94,143.76,141.90,758
03/01/2023,142.55,7139155,142.10,143.46,141.80,759
03/02/2023,141.07,11107550,142.24,142.43,139.54,760
03/03/2023,143.66,9513063,141.51,143.74,141.08,761
03/06/2023,142.82,9261255,143.44,144.04,142.66,762
03/07/2023,138.62,11747620,142.01,142.31,137.81,763
03/08/2023,137.80,10002550,138.00,138.59,136.89,764
03/09/2023,130.34,25888100,136.76,137.35,129.22,765
03/10/2023,133.65,37599660,128.96,135.26,127.82,766
03/13/2023,131.25,42901130,131.21,133.88,129.41,767
03/14/2023,134.62,29648120,135.28,135.53,131.29,768
03/15/2023,128.26,34280610,130.98,130.99,126.73,769
03/16/2023,130.75,24570590,128.01,131.95,126.02,770
03/17/2023,125.81,38395980,128.38,128.48,125.45,771
03/20/2023,127.14,22875510,126.99,129.47,126.01,772
03/21/2023,130.55,17807810,130.59,131.73,130.19,773
03/22/2023,127.18,17250170,130.56,130.66,127.08,774
03/23/2023,126.84,16677640,127.90,129.53,126.02,775
03/24/2023,124.91,22326920,125.63,125.68,123.11,776
03/27/2023,128.49,18853940,126.79,129.38,126.29,777
03/28/2023,128.88,10820470,128.71,129.34,127.74,778
03/29/2023,129.14,14595260,130.10,130.22,127.77,779
03/30/2023,128.75,12134680,129.95,130.12,127.65,780
03/31/2023,130.31,13105220,129.66,130.34,128.85,781
04/03/2023,130.16,11775390,129.91,131.44,129.41,782
04/04/2023,128.42,11579920,130.50,130.59,127.41,783
04/05/2023,127.61,9614692,126.80,128.15,126.46,784
04/06/2023,127.47,8760220,127.00,128.08,126.86,785
04/10/2023,127.89,9477292,126.54,128.23,126.22,786
04/11/2023,128.52,10516270,128.30,128.94,127.54,787
04/12/2023,128.50,11821000,129.18,130.43,128.06,788
04/13/2023,128.99,12450240,128.46,129.04,126.83,789
04/14/2023,138.73,43931330,135.15,139.12,134.90,790
04/17/2023,139.83,16050490,139.95,140.06,137.66,791
04/18/2023,141.40,13760140,140.27,141.78,139.03,792
04/19/2023,141.22,9158112,141.23,141.50,140.40,793
04/20/2023,140.81,10586250,139.91,141.43,139.84,794
04/21/2023,140.54,11842540,139.74,141.11,138.78,795
04/24/2023,140.73,7567666,140.46,141.10,140.04,796
04/25/2023,137.67,10629330,139.60,139.96,137.63,797
04/26/2023,135.23,14416150,137.62,137.81,134.00,798
04/27/2023,137.05,9041092,136.00,137.91,135.66,799
04/28/2023,138.24,9887262,136.56,138.32,135.67,800
05/01/2023,141.20,20415760,142.26,143.37,140.83,801
05/02/2023,138.92,14113450,141.40,142.41,138.43,802
05/03/2023,135.98,12930910,138.44,138.67,135.76,803
05/04/2023,134.12,17089160,134.96,135.72,131.81,804
05/05/2023,136.74,11261390,136.44,137.88,135.91,805
05/08/2023,137.07,7484872,137.49,137.97,136.48,806
05/09/2023,136.41,7343573,135.93,136.95,135.21,807
05/10/2023,136.48,8133416,137.95,138.06,134.87,808
05/11/2023,136.05,7057277,135.00,136.81,134.90,809
05/12/2023,134.10,9988598,136.82,136.99,133.13,810
05/15/2023,135.23,7639451,134.27,135.67,133.96,811
05/16/2023,134.32,6483267,135.46,135.94,133.96,812
05/17/2023,138.45,12711520,135.90,138.59,135.46,813
05/18/2023,139.50,10999610,138.27,139.73,137.76,814
05/19/2023,139.18,13492240,139.79,140.49,138.13,815
05/22/2023,138.03,11402480,141.00,141.64,137.66,816
05/23/2023,136.59,9514897,137.54,139.03,136.46,817
05/24/2023,135.34,8577997,135.40,136.35,135.08,818
05/25/2023,135.67,8472505,134.82,136.27,134.58,819
05/26/2023,136.94,8579941,136.11,137.60,135.63,820
05/30/2023,137.46,7399867,136.80,137.72,136.02,821
05/31/2023,135.71,14219910,136.73,136.84,134.40,822
06/01/2023,137.58,12248090,136.52,138.23,135.45,823
06/02/2023,140.47,12922470,139.56,141.48,139.34,824
06/05/2023,139.09,8511902,140.11,139.31,138.13,825
06/06/2023,139.34,9329541,138.68,140.10,138.21,826
06/07/2023,140.69,9281389,139.55,141.27,138.83,827
06/08/2023,140.73,7370043,140.67,140.89,139.48,828
06/09/2023,141.01,7253946,140.35,141.80,140.21,829
06/12/2023,141.00,7600196,141.07,141.32,139.76,830
06/13/2023,142.02,7701567,140.48,142.87,140.14,831
06/14/2023,141.49,9068729,143.00,143.61,140.70,832
06/15/2023,143.09,9343096,140.59,143.40,140.03,833
06/16/2023,143.26,13813510,143.05,143.97,142.50,834
06/20/2023,142.53,8431008,142.61,143.00,141.04,835
06/21/2023,142.32,9926459,142.90,144.02,141.69,836
06/22/2023,139.58,10076330,142.31,142.60,138.95,837
06/23/2023,138.85,9919539,138.54,139.18,137.62,838
06/26/2023,139.19,8429727,138.87,140.01,137.69,839
06/27/2023,139.20,8154024,139.00,139.84,138.54,840
06/28/2023,138.59,7558644,139.16,139.21,137.96,841
06/29/2023,143.43,15423230,140.07,143.56,139.85,842
06/30/2023,145.44,14212820,144.60,146.00,143.66,843
07/03/2023,146.61,8021622,146.19,147.48,146.00,844
07/05/2023,144.64,8935519,144.94,145.43,144.36,845
07/06/2023,143.21,9714100,143.02,143.39,141.44,846
07/07/2023,144.34,8981456,143.91,145.84,143.00,847
07/10/2023,145.15,9100060,144.50,145.99,144.50,848
07/11/2023,147.42,11265590,146.34,147.82,145.71,849
07/12/2023,148.15,11323230,147.45,149.87,147.00,850
07/13/2023,148.87,11234930,148.70,149.37,147.75,851
07/14/2023,149.77,27028430,151.55,152.89,148.41,852
07/17/2023,153.38,17262390,150.35,153.75,150.35,853
07/18/2023,153.66,13491730,153.38,154.40,152.82,854
07/19/2023,154.25,12510000,152.75,155.21,152.22,855
07/20/2023,156.15,9935907,154.53,156.59,154.41,856
07/21/2023,154.95,10636380,155.80,156.14,154.69,857
07/24/2023,158.00,14381430,154.97,158.79,154.73,858
07/25/2023,156.82,9944679,157.30,157.72,155.96,859
07/26/2023,157.76,8728593,156.71,158.25,156.28,860
07/27/2023,156.02,10778410,157.77,158.78,155.55,861
07/28/2023,156.91,9105974,157.28,157.60,156.44,862
07/31/2023,157.96,8894353,157.18,159.38,157.15,863
08/01/2023,157.18,6855682,157.43,158.00,156.15,864
08/02/2023,155.40,8303708,155.56,155.69,153.94,865
08/03/2023,156.35,6087542,155.00,156.92,154.35,866
08/04/2023,156.02,6209397,156.40,157.80,155.70,867
08/07/2023,156.76,7251832,156.60,157.70,156.60,868
08/08/2023,155.88,8623379,154.32,155.98,152.59,869
08/09/2023,153.79,6277813,155.32,155.52,153.47,870
08/10/2023,153.56,5995076,154.38,155.44,153.09,871
08/11/2023,154.45,5180690,153.03,154.52,152.63,872
08/14/2023,154.77,5044282,153.61,154.92,152.92,873
08/15/2023,150.83,10300300,152.85,153.27,150.23,874
08/16/2023,150.19,6978235,150.60,150.96,149.68,875
08/17/2023,148.63,9953912,150.88,151.26,148.40,876
08/18/2023,148.97,8517460,147.65,149.50,147.44,877
08/21/2023,149.48,8327018,149.65,150.11,148.02,878
08/22/2023,146.38,9681972,149.26,149.64,145.85,879
08/23/2023,147.37,7858021,146.35,147.59,145.46,880
08/24/2023,147.23,6534026,147.50,149.41,146.99,881
08/25/2023,147.05,6695537,147.28,148.62,145.85,882
08/28/2023,147.56,5094201,147.57,148.61,147.13,883
08/29/2023,148.76,6336962,147.71,148.85,147.18,884
08/30/2023,148.16,6277318,148.62,149.15,147.19,885
08/31/2023,146.33,10933940,148.26,148.35,145.96,886
09/01/2023,146.82,7903496,146.09,148.08,145.70,887
09/05/2023,145.20,7854739,147.16,148.21,145.01,888
09/06/2023,144.96,8629164,144.70,145.54,144.11,889
09/07/2023,143.72,8373738,144.13,145.27,143.39,890
09/08/2023,143.83,7110254,143.37,144.12,142.65,891
09/11/2023,144.46,6854220,144.75,145.05,143.69,892
09/12/2023,146.34,8363165,144.50,147.32,144.05,893
09/13/2023,146.41,8325914,147.34,147.70,145.82,894
09/14/2023,149.25,10034930,147.84,149.90,147.52,895
09/15/2023,148.81,19863380,148.92,149.73,148.31,896
09/18/2023,149.12,6512360,148.16,149.14,147.75,897
09/19/2023,148.93,7945606,149.50,149.72,147.21,898
09/20/2023,148.30,7334257,149.65,150.25,148.14,899
09/21/2023,147.14,8053410,147.58,148.86,146.63,900
09/22/2023,145.73,7071975,147.29,147.51,145.19,901
09/25/2023,146.45,7044672,145.35,146.52,143.70,902
09/26/2023,144.93,7468405,144.60,145.84,144.23,903
09/27/2023,145.78,6717822,145.19,146.09,144.51,904
09/28/2023,147.59,8868063,146.28,148.87,146.01,905
09/29/2023,145.02,11917830,148.60,148.76,144.86,906
10/02/2023,143.77,9170644,144.83,145.62,142.63,907
10/03/2023,142.71,9431118,143.20,143.59,142.36,908
10/04/2023,143.35,8128748,143.19,143.47,141.93,909
10/05/2023,142.90,8576237,142.04,143.10,140.83,910
10/06/2023,145.10,10270620,142.91,145.88,142.14,911
10/09/2023,144.77,6964907,143.66,145.40,143.50,912
10/10/2023,145.65,11288770,145.42,146.77,145.28,913
10/11/2023,146.15,8698175,146.51,147.23,145.02,914
10/12/2023,145.81,10484440,146.30,146.96,145.13,915
10/13/2023,148.00,29487200,148.50,153.11,147.84,916
10/16/2023,147.85,12663460,149.45,149.52,146.72,917
10/17/2023,147.53,11482740,147.57,149.31,146.79,918
10/18/2023,145.91,9620257,146.59,147.48,145.37,919
10/19/2023,145.29,11143630,145.48,147.02,144.88,920
10/20/2023,142.95,13332870,144.57,145.14,142.12,921
10/23/2023,141.00,10133410,142.94,143.68,140.73,922
10/24/2023,141.17,8881354,141.19,141.73,140.36,923
10/25/2023,140.40,8242565,140.57,141.18,139.51,924
10/26/2023,140.76,9109431,139.76,141.67,139.43,925
10/27/2023,135.69,17434720,138.95,139.10,135.19,926
10/30/2023,137.42,9855540,136.44,138.04,136.04,927
10/31/2023,139.06,9672460,137.71,139.24,137.47,928
11/01/2023,138.94,9432048,139.25,140.53,138.47,929
11/02/2023,141.42,10186180,140.09,141.48,139.23,930
11/03/2023,143.00,9538719,142.19,143.77,141.85,931
11/06/2023,144.08,7625063,143.17,144.19,142.79,932
11/07/2023,144.01,6297915,143.51,144.26,142.82,933
11/08/2023,144.72,7618169,144.11,144.84,143.62,934
11/09/2023,144.29,7992477,145.44,145.65,143.70,935
11/10/2023,146.43,7983935,144.94,146.48,144.08,936
11/13/2023,145.78,6676364,145.70,146.25,145.16,937
11/14/2023,148.44,9927723,146.68,149.25,146.52,938
11/15/2023,149.74,8365296,148.46,150.16,148.46,939
11/16/2023,151.45,8126188,150.09,151.53,150.09,940
11/17/2023,152.82,7814064,152.20,152.86,151.54,941
11/20/2023,153.29,7020349,152.08,153.75,151.92,942
11/21/2023,152.97,7083506,153.20,153.63,152.57,943
11/22/2023,153.33,5175135,153.41,153.88,152.90,944
11/24/2023,153.54,3496941,153.59,154.44,153.28,945
11/27/2023,153.19,6259116,153.43,153.53,152.71,946
11/28/2023,153.54,6582937,153.22,153.87,152.72,947
11/29/2023,154.32,9126053,154.17,155.63,154.00,948
11/30/2023,156.08,9869790,154.91,156.13,154.38,949
12/01/2023,156.84,8916001,155.82,157.86,155.82,950
12/04/2023,157.99,9607465,156.02,158.05,155.88,951
12/05/2023,157.97,9135597,157.26,158.50,156.97,952
12/06/2023,156.31,9366004,158.84,159.22,156.00,953
12/07/2023,156.79,8130874,156.69,157.31,156.15,954
12/08/2023,158.52,7369370,157.26,158.78,156.98,955
12/11/2023,159.10,8093908,158.52,159.30,158.15,956
12/12/2023,160.52,10222980,159.23,160.65,158.88,957
12/13/2023,161.06,12379100,160.52,162.03,159.77,958
12/14/2023,163.99,13642990,161.83,164.84,161.71,959
12/15/2023,165.23,20309350,163.08,165.28,162.39,960
12/18/2023,166.23,8469608,165.92,167.13,165.63,961
12/19/2023,168.45,10345690,166.00,168.47,165.55,962
12/20/2023,166.55,10734710,167.99,169.41,166.45,963
12/21/2023,167.50,7601678,166.84,168.09,165.68,964
12/22/2023,167.40,6576322,167.50,168.23,167.23,965
12/26/2023,168.39,4683605,167.46,168.77,167.18,966
12/27/2023,169.40,6428643,167.84,169.47,167.58,967
12/28/2023,170.30,6320129,169.35,170.66,169.00,968
12/29/2023,170.10,6435102,170.00,170.69,169.63,969
01/02/2024,172.08,9977424,169.09,172.17,168.91,970
01/03/2024,171.33,9852335,171.86,172.04,170.37,971
01/04/2024,171.41,11972550,170.64,173.35,170.54,972
01/05/2024,172.27,10066030,171.47,173.38,171.47,973
01/08/2024,172.02,11229920,172.02,172.36,169.49,974
01/09/2024,170.66,9923630,171.62,171.79,170.10,975
01/10/2024,171.02,9670218,170.00,171.08,168.95,976
01/11/2024,170.30,11919500,170.33,170.36,168.64,977
01/12/2024,169.05,19436500,173.80,176.31,168.90,978
01/16/2024,167.99,17206420,164.87,168.09,164.30,979
01/17/2024,167.09,11107470,167.34,169.07,166.49,980
01/18/2024,167.42,9382255,167.12,167.53,165.24,981
01/19/2024,170.31,13115660,167.55,170.57,167.08,982
01/22/2024,170.11,12837510,170.46,171.98,169.71,983
01/23/2024,168.99,8360829,169.67,169.75,168.44,984
01/24/2024,170.50,9967060,169.36,171.01,168.86,985
01/25/2024,172.94,8873481,172.31,172.99,170.91,986
01/26/2024,172.28,7442955,172.61,173.06,171.78,987
01/29/2024,172.73,6971192,172.24,172.84,171.30,988
01/30/2024,176.27,10822080,172.83,176.76,172.83,989
01/31/2024,174.36,11521820,176.20,178.30,174.34,990
02/01/2024,173.73,9354798,173.64,174.84,171.43,991
02/02/2024,174.73,8607839,173.30,175.82,173.26,992
02/05/2024,174.50,7820160,173.86,175.09,172.92,993
02/06/2024,175.10,6765684,174.61,175.87,173.76,994
02/07/2024,175.43,7225478,175.69,175.87,173.96,995
02/08/2024,174.80,6060285,175.00,175.31,173.57,996
02/09/2024,175.01,6296729,175.00,175.10,173.67,997
02/12/2024,175.79,8539316,174.78,176.81,173.70,998
02/13/2024,174.26,8397631,175.32,176.23,172.62,999
02/14/2024,176.03,7056664,175.07,176.10,174.42,1000
02/15/2024,179.87,8723390,176.15,180.21,176.15,1001
02/16/2024,179.03,8152647,179.61,179.98,178.16,1002
02/20/2024,179.73,9667959,179.19,180.46,178.41,1003
02/21/2024,180.90,7027857,179.95,180.99,178.52,1004
02/22/2024,183.07,9296459,181.82,183.42,181.24,1005
02/23/2024,183.99,7105833,183.81,185.20,183.19,1006
02/26/2024,183.36,7145391,183.75,184.46,182.48,1007
02/27/2024,183.45,5717065,183.31,183.54,182.24,1008
02/28/2024,184.38,6131608,183.43,185.20,182.96,1009
02/29/2024,186.06,9643012,185.66,186.43,183.85,1010
03/01/2024,185.29,6311996,185.70,186.44,185.10,1011
03/04/2024,186.68,7063605,184.71,187.59,184.27,1012
03/05/2024,188.55,6617832,186.36,189.30,186.36,1013
03/06/2024,189.53,7572891,189.25,190.07,187.63,1014
03/07/2024,187.87,7618277,189.91,190.50,186.63,1015
03/08/2024,188.22,6172199,188.44,190.46,187.92,1016
03/11/2024,188.29,5762569,187.28,188.44,186.22,1017
03/12/2024,189.84,5708384,188.95,190.16,187.91,1018
03/13/2024,191.38,7795535,190.36,191.73,189.84,1019
03/14/2024,187.97,10310950,191.03,191.63,187.10,1020
03/15/2024,190.30,17214230,186.48,190.94,186.48,1021
03/18/2024,192.66,9013843,190.63,192.70,189.89,1022
03/19/2024,193.79,8478717,192.71,193.93,192.38,1023
03/20/2024,196.33,9367043,194.19,196.56,193.61,1024
03/21/2024,199.06,11203800,196.52,199.43,196.33,1025
03/22/2024,196.62,8108840,199.01,200.48,196.54,1026
03/25/2024,194.82,8620015,196.60,196.94,194.36,1027
03/26/2024,195.73,5961484,194.59,196.66,194.06,1028
03/27/2024,199.52,8725757,196.50,199.60,196.38,1029
03/28/2024,200.30,8628313,199.49,200.72,198.54,1030
04/01/2024,198.94,7309009,199.99,200.94,198.57,1031
04/02/2024,198.86,7014683,198.39,199.78,198.08,1032
04/03/2024,198.30,9353426,199.04,199.56,197.70,1033
04/04/2024,195.65,9243793,199.15,199.68,195.55,1034
04/05/2024,197.45,6532278,196.16,198.12,195.11,1035
04/08/2024,198.48,8000963,197.62,198.98,197.62,1036
04/09/2024,197.15,7358631,198.07,198.88,194.91,1037
04/10/2024,195.47,7681377,195.55,197.07,194.18,1038
04/11/2024,195.43,10137700,196.00,196.57,193.24,1039
04/12/2024,182.79,31532310,188.32,188.93,182.54,1040
04/15/2024,182.89,14766590,184.50,187.46,182.20,1041
04/16/2024,180.80,16451800,182.90,183.16,179.65,1042
04/17/2024,180.08,9017093,181.37,182.42,179.20,1043
04/18/2024,181.25,9557720,181.10,183.36,179.97,1044
04/19/2024,185.80,13402310,182.40,185.88,181.41,1045
04/22/2024,189.41,11529670,185.99,190.13,185.98,1046
04/23/2024,192.14,9144372,191.13,192.23,190.52,1047
04/24/2024,193.08,6964905,190.53,193.23,190.17,1048
04/25/2024,193.37,9802265,192.25,193.94,191.18,1049
04/26/2024,193.49,6413655,193.57,194.87,193.06,1050
04/29/2024,193.28,5411129,193.48,194.26,192.43,1051
04/30/2024,191.74,8153681,192.81,194.99,191.64,1052
05/01/2024,191.86,7446703,192.27,194.46,190.79,1053
05/02/2024,191.66,6501657,193.07,193.50,189.52,1054
05/03/2024,190.51,8922775,192.00,192.53,188.46,1055
05/06/2024,192.00,7911134,191.73,192.20,189.82,1056
05/07/2024,191.75,7688771,191.70,192.93,191.65,1057
05/08/2024,195.65,9227561,191.00,196.65,191.00,1058
05/09/2024,197.50,7977291,195.17,197.59,195.10,1059
05/10/2024,198.77,7529790,198.54,199.34,198.27,1060
05/13/2024,198.73,7049241,198.80,199.85,198.04,1061
05/14/2024,201.51,8596175,199.00,201.58,198.16,1062
05/15/2024,202.11,8369975,202.01,202.69,199.77,1063
05/16/2024,202.47,8497927,202.22,204.48,201.99,1064
05/17/2024,204.79,9260490,203.81,205.05,202.81,1065
05/20/2024,195.58,17373250,204.39,205.88,195.40,1066
05/21/2024,199.52,14420800,197.00,199.90,196.60,1067
05/22/2024,198.31,9425338,199.00,200.94,197.69,1068
05/23/2024,196.92,8069445,197.81,198.30,196.07,1069
05/24/2024,200.71,7356233,197.75,200.76,197.56,1070
05/28/2024,199.50,6910206,199.86,200.41,198.66,1071
05/29/2024,198.11,6120045,198.00,198.99,196.89,1072
05/30/2024,199.33,6829719,198.56,199.85,198.40,1073
05/31/2024,202.63,14417890,199.30,203.30,198.35,1074
06/03/2024,201.82,6444309,202.31,202.42,199.19,1075
06/04/2024,199.16,6848338,200.16,201.98,198.28,1076
06/05/2024,197.26,8351597,199.76,199.82,196.92,1077
06/06/2024,196.91,7640289,197.26,198.02,195.33,1078
06/07/2024,199.95,6964498,197.43,200.92,197.01,1079
06/10/2024,199.61,6071201,199.24,200.84,198.44,1080
06/11/2024,194.36,9235302,197.91,197.94,193.60,1081
06/12/2024,191.53,12751330,196.00,196.72,191.31,1082
06/13/2024,193.66,8587786,192.32,194.58,190.88,1083
06/14/2024,193.78,6874029,191.45,194.86,191.42,1084
06/17/2024,194.98,8725445,193.48,195.58,192.64,1085
06/18/2024,197.00,9022971,194.60,197.96,194.13,1086
06/20/2024,198.67,8731062,196.39,199.45,196.11,1087
06/21/2024,196.30,20972500,196.71,197.17,194.22,1088
06/24/2024,198.88,9785929,197.81,199.23,197.10,1089
06/25/2024,198.07,6915909,198.09,200.07,197.74,1090
06/26/2024,197.43,7758582,197.45,197.94,196.28,1091
06/27/2024,199.17,7913453,197.44,199.86,196.90,1092
06/28/2024,202.26,15307620,200.01,202.60,199.30,1093
07/01/2024,205.45,10205840,202.84,207.09,202.66,1094
07/02/2024,208.83,7802936,205.29,208.86,204.77,1095
07/03/2024,208.69,5560925,209.55,210.38,207.65,1096
07/05/2024,204.79,8093096,206.99,207.37,204.52,1097
07/08/2024,205.17,8706967,205.04,206.90,203.97,1098
07/09/2024,207.63,9060258,205.63,209.76,205.45,1099
07/10/2024,207.80,8328493,206.14,207.97,205.58,1100
07/11/2024,207.45,10666940,206.21,208.10,205.38,1101
07/12/2024,204.94,15443440,204.00,207.45,202.10,1102
07/15/2024,210.05,10719670,207.19,211.61,206.72,1103
07/16/2024,213.62,11557020,210.00,213.74,208.08,1104
07/17/2024,216.87,11572470,213.80,217.56,213.27,1105
07/18/2024,209.98,12415130,215.63,216.64,209.24,1106
07/19/2024,209.78,8095898,211.20,212.35,208.92,1107
07/22/2024,210.28,7663223,210.46,212.17,209.71,1108
07/23/2024,210.33,5557262,211.02,211.48,209.35,1109
07/24/2024,208.59,7118957,209.55,212.03,208.07,1110
07/25/2024,208.67,6403774,208.65,210.19,208.05,1111
07/26/2024,212.24,8027787,209.24,213.16,208.62,1112
07/29/2024,210.85,6533636,212.65,213.61,210.55,1113
07/30/2024,215.19,8850705,213.23,215.79,212.96,1114
07/31/2024,212.80,9071637,214.78,216.39,212.67,1115
08/01/2024,207.96,10918640,213.20,213.83,206.38,1116
08/02/2024,199.14,18041680,203.88,204.67,196.89,1117
08/05/2024,194.90,13927000,194.05,196.17,190.90,1118
08/06/2024,200.34,10605780,195.40,202.60,194.00,1119
08/07/2024,200.40,9204434,203.51,205.75,200.20,1120
08/08/2024,204.06,7761199,202.47,204.91,201.79,1121
08/09/2024,205.80,5540240,203.47,206.47,202.90,1122
08/12/2024,206.19,6935954,206.41,207.14,203.66,1123
08/13/2024,207.94,6387942,207.73,208.09,205.40,1124
08/14/2024,210.24,6999809,207.74,210.76,207.12,1125
08/15/2024,211.55,7001005,213.00,213.89,211.10,1126
08/16/2024,213.97,7931234,211.69,214.09,211.59,1127
08/19/2024,215.45,6090818,214.00,215.53,213.82,1128
08/20/2024,214.52,5640223,215.00,216.00,213.68,1129
08/21/2024,214.60,5202472,214.43,215.00,212.84,1130
08/22/2024,216.63,5247098,214.58,216.80,214.34,1131
08/23/2024,218.31,7213981,217.60,219.19,216.50,1132
08/26/2024,219.17,5105245,219.01,219.68,218.05,1133
08/27/2024,220.18,5185221,219.51,220.42,219.19,1134
08/28/2024,221.29,6506402,219.25,222.21,219.19,1135
08/29/2024,222.21,6416149,222.15,222.98,218.94,1136
08/30/2024,224.80,8574128,222.50,225.48,221.93,1137
09/03/2024,220.30,8956089,222.30,224.10,219.24,1138
09/04/2024,219.33,7389474,221.04,222.07,217.21,1139
09/05/2024,217.63,8067874,220.15,220.80,216.03,1140
09/06/2024,212.46,7776998,217.60,218.74,211.09,1141
09/09/2024,216.81,8935074,215.19,218.15,214.18,1142
09/10/2024,205.56,28406900,218.60,218.64,200.61,1143
09/11/2024,207.23,13658740,205.25,207.70,201.83,1144
09/12/2024,206.60,9055756,207.65,208.78,204.89,1145
09/13/2024,204.32,10226690,206.86,207.85,203.02,1146
09/16/2024,207.86,8634936,205.83,208.21,205.59,1147
09/17/2024,209.25,7573345,207.73,209.93,207.66,1148
09/18/2024,207.53,8259876,209.01,211.34,206.70,1149
09/19/2024,210.48,11635170,209.78,211.91,207.34,1150
09/20/2024,211.09,20884970,209.93,211.42,209.50,1151
09/23/2024,211.44,7223491,211.00,211.80,209.99,1152
09/24/2024,211.59,7323239,211.15,212.95,210.37,1153
09/25/2024,210.19,8976520,211.68,212.24,208.61,1154
09/26/2024,209.78,7807480,211.13,211.70,209.01,1155
09/27/2024,210.50,7032450,210.65,212.44,209.33,1156
09/30/2024,210.86,8668314,206.31,210.96,205.26,1157
10/01/2024,207.04,8540064,208.90,209.09,206.19,1158
10/02/2024,207.29,5810931,207.08,208.95,205.69,1159
10/03/2024,205.23,7251325,206.17,206.49,204.34,1160
10/04/2024,211.22,10213420,209.30,211.67,206.91,1161
10/07/2024,210.93,6718898,211.03,213.33,209.69,1162
10/08/2024,210.75,6021772,210.58,211.33,208.38,1163
10/09/2024,213.42,7023998,209.70,214.24,209.38,1164
10/10/2024,212.84,7927051,214.81,214.81,211.47,1165
10/11/2024,222.29,18320650,215.67,224.63,215.16,1166
10/14/2024,221.48,9048925,223.20,223.70,218.88,1167
10/15/2024,222.39,9235825,223.66,225.45,221.82,1168
10/16/2024,223.64,6382515,222.33,223.68,221.04,1169
10/17/2024,224.42,6470186,224.27,225.85,223.31,1170
10/18/2024,225.37,7000543,225.00,225.92,223.10,1171
10/21/2024,223.00,5869959,225.22,225.70,222.90,1172
10/22/2024,224.12,9586793,223.02,225.28,221.10,1173
10/23/2024,223.41,6180528,223.66,224.80,222.53,1174
10/24/2024,224.98,6002202,221.83,225.06,221.66,1175
10/25/2024,222.31,6369720,225.00,225.62,220.88,1176
10/28/2024,225.50,6842956,223.35,225.64,222.95,1177
10/29/2024,222.90,6580004,225.21,226.75,222.81,1178
10/30/2024,224.41,7110941,222.54,226.31,221.58,1179
10/31/2024,221.92,7829932,224.70,225.69,221.82,1180
11/01/2024,222.94,6923452,223.56,226.15,222.70,1181
11/04/2024,219.78,8229588,222.65,223.76,219.17,1182
11/05/2024,221.49,5600686,220.03,221.96,220.00,1183
11/06/2024,247.06,23987750,235.00,248.00,234.77,1184
11/07/2024,236.38,16451070,244.50,244.57,235.22,1185
11/08/2024,236.98,9502100,239.34,239.34,235.78,1186
11/11/2024,239.29,9017079,240.00,242.10,239.00,1187
11/12/2024,239.56,6860956,240.55,241.46,238.76,1188
11/13/2024,241.16,11472560,240.58,244.09,240.31,1189
11/14/2024,241.87,10172200,242.42,244.29,241.05,1190
11/15/2024,245.31,11518840,241.46,246.42,241.46,1191
11/18/2024,245.03,9052575,247.76,247.93,242.68,1192
11/19/2024,243.09,6792660,242.25,245.15,241.55,1193
11/20/2024,240.78,9015290,244.40,244.61,238.64,1194
11/21/2024,244.76,8783516,243.23,245.49,242.11,1195
11/22/2024,248.55,7997307,243.61,249.15,243.03,1196
11/25/2024,250.29,10295350,249.59,254.31,249.06,1197
11/26/2024,249.97,6212142,250.49,251.00,248.34,1198
11/27/2024,249.79,5472265,249.35,251.19,248.77,1199
11/29/2024,249.72,5494825,249.86,251.77,249.45,1200
12/02/2024,246.25,8899741,249.55,250.25,245.03,1201
12/03/2024,244.82,6657694,248.23,249.04,244.63,1202
12/04/2024,243.40,7346265,244.70,245.35,242.23,1203
12/05/2024,245.48,6572536,245.39,247.18,244.62,1204
12/06/2024,247.36,5519738,245.70,247.74,244.84,1205
12/09/2024,243.81,7076466,247.13,247.87,243.76,1206
12/10/2024,242.86,9108339,243.89,247.96,242.22,1207
12/11/2024,243.53,7884442,244.00,244.27,242.18,1208
12/12/2024,241.53,6113771,243.00,244.10,241.04,1209
12/13/2024,239.94,10392750,242.07,242.72,239.14,1210
12/16/2024,239.58,9032044,240.61,240.67,237.52,1211
12/17/2024,238.36,8083635,238.65,239.02,236.63,1212
12/18/2024,230.37,11322360,239.00,239.07,229.53,1213
12/19/2024,232.96,11790770,232.27,236.36,232.27,1214
12/20/2024,237.60,32348410,231.92,239.21,231.59,1215
12/23/2024,238.39,8611528,236.07,238.62,234.88,1216
12/24/2024,242.31,3729092,239.43,242.49,239.07,1217
12/26/2024,243.14,4452168,241.43,243.26,240.79,1218
12/27/2024,241.17,5730607,242.72,243.39,240.04,1219
12/30/2024,239.32,5723765,238.77,240.84,237.11,1220
12/31/2024,239.71,4870971,240.05,241.44,239.03,1221
01/02/2025,240.00,9220914,240.92,243.28,239.45,1222
01/03/2025,243.28,9491053,243.89,244.88,240.26,1223
01/06/2025,240.85,9917836,243.70,245.69,240.58,1224
01/07/2025,243.17,8753357,242.14,245.26,240.90,1225
01/08/2025,243.13,8675284,242.75,244.25,240.50,1226
01/10/2025,239.87,10256830,243.09,243.81,238.74,1227
01/13/2025,244.21,10005320,239.67,244.54,239.00,1228
01/14/2025,247.47,12407390,242.66,247.72,242.19,1229
01/15/2025,252.35,18448520,250.40,253.67,243.68,1230
01/16/2025,254.27,15292350,254.00,257.04,252.33,1231
01/17/2025,259.16,17678100,254.14,260.62,252.14,1232
01/21/2025,263.03,13712110,260.07,264.25,259.50,1233
01/22/2025,262.84,9021914,262.90,263.38,260.25,1234
01/23/2025,265.95,10749680,264.69,266.86,263.81,1235
01/24/2025,264.84,7666261,263.69,267.10,263.01,1236
01/27/2025,265.85,7522258,264.17,265.97,262.26,1237
01/28/2025,267.14,7375391,265.85,267.33,264.83,1238
01/29/2025,266.58,7684870,267.21,270.68,265.61,1239
01/30/2025,268.23,8753466,268.63,269.70,266.62,1240
01/31/2025,267.30,7196268,269.23,270.82,266.96,1241
02/03/2025,266.81,8381361,261.83,268.17,261.70,1242
02/04/2025,267.94,5625972,269.84,269.84,266.83,1243
02/05/2025,270.43,5704431,268.91,270.64,268.33,1244
02/06/2025,276.90,7264371,272.45,276.98,271.19,1245
02/07/2025,275.80,6857875,277.27,278.55,274.72,1246
02/10/2025,271.04,8627352,276.15,276.18,269.59,1247
02/11/2025,274.99,7196376,270.26,276.22,269.66,1248
02/12/2025,275.45,6683894,274.08,276.45,273.25,1249
02/13/2025,276.32,8398667,275.50,276.97,273.81,1250
02/14/2025,276.59,5688627,277.37,279.23,276.45,1251
02/18/2025,279.95,7919798,276.76,279.97,276.02,1252
02/19/2025,279.25,7007248,278.38,280.25,277.22,1253
02/20/2025,266.80,13846670,278.68,278.74,265.74,1254
02/21/2025,264.24,12835570,268.32,269.20,262.84,1255
02/24/2025,261.34,10372750,265.49,267.00,258.61,1256